BND-B-ETFBDPQ31,BND-B-ETFBDPQ31
BND-B-ETFBDPQ32,BND-B-ETFBDPQ32
BND-B-ETFBDPQ33,BND-B-ETFBDPQ33
BND-B-ETFBDPQ34,BND-B-ETFBDPQ34
BND-B-ETFBDPQ35,BND-B-ETFBDPQ35
BND-B-ETFBDPQ36,BND-B-ETFBDPQ36
BND-B-ETFBDPQ37,BND-B-ETFBDPQ37
BND-B-ETFBDPQ38,BND-B-ETFBDPQ38
BND-B-ETFBDPQ39,BND-B-ETFBDPQ39
BOSBOST0009,BOSBOST0009
BOSBOST0011,BOSBOST0011
FEPBANKBIZQRY,FEPBANKBIZQRY
FEPCRDACTINQ,FEPCRDACTINQ
FEPCRDINQ,FEPCRDINQ
FEPCRDLST,FEPCRDLST
FEPNCWCNL,FEPNCWCNL
FEPNCWGETSEQ,FEPNCWGETSEQ
FEPNCWIDINQ,FEPNCWIDINQ
FEPNCWPCG,FEPNCWPCG
FEPNCWSEQCNL,FEPNCWSEQCNL
FEPNCWSEQIQ,FEPNCWSEQIQ
FEPNCWSET,FEPNCWSET
FEPNCWSTUIQ,FEPNCWSTUIQ
FNSACT0000,FNSACT0000
FNSACT0001,FNSACT0001
FNSACT0005,FNSACT0005
FNSACT0006,FNSACT0006
FNSACT0008,FNSACT0008
FNSACT0009,FNSACT0009
FNSACT0010,FNSACT0010
FNSACT0011,FNSACT0011
FNSACT0012,FNSACT0012
FNSACT0013,FNSACT0013
FNSACT0014,FNSACT0014
FNSACT0015,FNSACT0015
FNSACT0016,FNSACT0016
FNSACT0017,FNSACT0017
FNSACT0018,FNSACT0018
FNSACT0019,FNSACT0019
FNSACT0201,FNSACT0201
FNSACT0202,FNSACT0202
FNSACTU015,FNSACTU015
FNSBAL0000,FNSBAL0000
FNSBGL0001,FNSBGL0001
FNSBIL0000,FNSBIL0000
FNSBRN0000,FNSBRN0000
FNSCHN0000,FNSCHN0000
FNSCHN0001,FNSCHN0001
FNSCHQ0000,FNSCHQ0000
FNSCHQ0003,FNSCHQ0003
FNSCHQ0005,FNSCHQ0005
FNSCHQ0006,FNSCHQ0006
FNSCHQ0007,FNSCHQ0007
FNSCHQ0009,FNSCHQ0009
FNSCHQ0013,FNSCHQ0013
FNSCHQ0022,FNSCHQ0022
FNSCIF0000,FNSCIF0000
FNSCIF0001,FNSCIF0001
FNSCIF0002,FNSCIF0002
FNSCIF0003,FNSCIF0003
FNSCIF0005,FNSCIF0005
FNSCIF0006,FNSCIF0006
FNSCIF0007,FNSCIF0007
FNSCIF0012,FNSCIF0012
FNSCIF0013,FNSCIF0013
FNSCIF0014,FNSCIF0014
FNSCIF0015,FNSCIF0015
FNSCIF0016,FNSCIF0016
FNSCIF0018,FNSCIF0018
FNSCIF0021,FNSCIF0021
FNSCIF0022,FNSCIF0022
FNSCIF0026,FNSCIF0026
FNSCIF0027,FNSCIF0027
FNSCIF0031,FNSCIF0031
FNSCIF0032,FNSCIF0032
FNSCIF0033,FNSCIF0033
FNSCIF0034,FNSCIF0034
FNSCIF0035,FNSCIF0035
FNSCIF0037,FNSCIF0037
FNSCIF0038,FNSCIF0038
FNSCIF0039,FNSCIF0039
FNSCIF0040,FNSCIF0040
FNSCIF0042,FNSCIF0042
FNSCIF0044,FNSCIF0044
FNSCIF0046,FNSCIF0046
FNSCIF0047,FNSCIF0047
FNSCIF0048,FNSCIF0048
FNSCIF0049,FNSCIF0049
FNSCIF0050,FNSCIF0050
FNSCIF0051,FNSCIF0051
FNSCIF0052,FNSCIF0052
FNSCIF0053,FNSCIF0053
FNSCIF0055,FNSCIF0055
FNSCIF0057,FNSCIF0057
FNSCIF0058,FNSCIF0058
FNSCIF0059,FNSCIF0059
FNSCIF0060,FNSCIF0060
FNSCIF0062,FNSCIF0062
FNSCIF0063,FNSCIF0063
FNSCIF0064,FNSCIF0064
FNSCIF0065,FNSCIF0065
FNSCIF0066,FNSCIF0066
FNSCIF0068,FNSCIF0068
FNSCIF0069,FNSCIF0069
FNSCIF0073,FNSCIF0073
FNSCIF0075,FNSCIF0075
FNSCIF0076,FNSCIF0076
FNSCIF0077,FNSCIF0077
FNSCIF0081,FNSCIF0081
FNSCIF0082,FNSCIF0082
FNSCIF0200,FNSCIF0200
FNSCIF0201,FNSCIF0201
FNSCIF0202,FNSCIF0202
FNSCIFU000,FNSCIFU000
FNSCIFU002,FNSCIFU002
FNSCIFU006,FNSCIFU006
FNSCIFU013,FNSCIFU013
FNSCIFU021,FNSCIFU021
FNSCIFU076,FNSCIFU076
FNSCIFU081,FNSCIFU081
FNSCIFUN00,FNSCIFUN00
FNSCLA0000,FNSCLA0000
FNSDAT0000,FNSDAT0000
FNSDAT0001,FNSDAT0001
FNSDEP0000,FNSDEP0000
FNSDEP0001,FNSDEP0001
FNSDEP0002,FNSDEP0002
FNSDEP0003,FNSDEP0003
FNSDEP0004,FNSDEP0004
FNSDEP0005,FNSDEP0005
FNSDEP0007,FNSDEP0007
FNSDEPU000,FNSDEPU000
FNSDEPU001,FNSDEPU001
FNSDEPU006,FNSDEPU006
FNSDEPU007,FNSDEPU007
FNSDEPU008,FNSDEPU008
FNSLMT0000,FNSLMT0000
FNSLON0000,FNSLON0000
FNSLON0001,FNSLON0001
FNSLON0004,FNSLON0004
FNSLON0005,FNSLON0005
FNSLON0007,FNSLON0007
FNSLON0008,FNSLON0008
FNSLON0009,FNSLON0009
FNSLON0010,FNSLON0010
FNSLON0012,FNSLON0012
FNSLON0013,FNSLON0013
FNSLON0014,FNSLON0014
FNSLON0015,FNSLON0015
FNSLON0016,FNSLON0016
FNSLON0018,FNSLON0018
FNSLON0019,FNSLON0019
FNSLON0020,FNSLON0020
FNSLON0022,FNSLON0022
FNSLON0024,FNSLON0024
FNSLON0025,FNSLON0025
FNSLON0028,FNSLON0028
FNSLON0029,FNSLON0029
FNSLON0031,FNSLON0031
FNSLON0032,FNSLON0032
FNSLON0033,FNSLON0033
FNSLON0034,FNSLON0034
FNSLON0035,FNSLON0035
FNSLON0036,FNSLON0036
FNSLON0060,FNSLON0060
FNSLON0200,FNSLON0200
FNSLONT200,FNSLONT200
FNSLONU000,FNSLONU000
FNSLONU001,FNSLONU001
FNSLONU016,FNSLONU016
FNSLONU024,FNSLONU024
FNSLONU025,FNSLONU025
FNSLONU032,FNSLONU032
FNSLONU201,FNSLONU201
FNSLONU202,FNSLONU202
FNSMSG0002,FNSMSG0002
FNSMSG0003,FNSMSG0003
FNSMSG0005,FNSMSG0005
FNSMSG0008,FNSMSG0008
FNSMSG0009,FNSMSG0009
FNSMSGU008,FNSMSGU008
FNSMTD0002,FNSMTD0002
FNSMTD0003,FNSMTD0003
FNSMTD0005,FNSMTD0005
FNSODA0000,FNSODA0000
FNSODA0001,FNSODA0001
FNSODO0000,FNSODO0000
FNSPAK0001,FNSPAK0001
FNSPAK0002,FNSPAK0002
FNSRAT0000,FNSRAT0000
FNSRAT0004,FNSRAT0004
FNSREJ0000,FNSREJ0000
FNSREJ0001,FNSREJ0001
FNSREJ0002,FNSREJ0002
FNSREJ0003,FNSREJ0003
FNSREJU001,FNSREJU001
FNSREJU002,FNSREJU002
FNSSTK0000,FNSSTK0000
FNSTFR0000,FNSTFR0000
FNSTFR0001,FNSTFR0001
FNSTFR0002,FNSTFR0002
FNSTFR0006,FNSTFR0006
FNSTFR0020,FNSTFR0020
FNSTFRE000,FNSTFRE000
FNSTFRE001,FNSTFRE001
FNSTXN0000,FNSTXN0000
FNSTXN0002,FNSTXN0002
FNSTXN0003,FNSTXN0003
FNSTXN0004,FNSTXN0004
FNSTXN0008,FNSTXN0008
FNSTXN0009,FNSTXN0009
FNSTXN0010,FNSTXN0010
FNSTXN0201,FNSTXN0201
FNSTXQ0000,FNSTXQ0000
FPIN0201,FPIN0201
FPIN0202,FPIN0202
FPIN0203,FPIN0203
FPIN0205,FPIN0205
FPIN0210,FPIN0210
FPIN0211,FPIN0211
FPIN1201,FPIN1201
FPIN1301,FPIN1301
IFXBRHQ0001,IFXBRHQ0001
IFXCHKACNO7,IFXCHKACNO7
IFXCIFQCIFQ,IFXCIFQCIFQ
IFXCSIDACN1,IFXCSIDACN1
IFXCSIDACN2,IFXCSIDACN2
IFXCSIDACN4,IFXCSIDACN4
IFXCSIDUPD,IFXCSIDUPD
IFXCSOPEN2,IFXCSOPEN2
IFXFMC11100,IFXFMC11100
IFXFTR2100901,IFXFTR2100901
IFXFTR2100902,IFXFTR2100902
IFXFTREV001,IFXFTREV001
IFXIFXTCIF1,IFXIFXTCIF1
IFXIVR50004,IFXIVR50004
IFXIVR50005,IFXIVR50005
,
